[{"model": "contenttypes.contenttype", "pk": 1, "fields": {"app_label": "admin", "model": "logentry"}}, {"model": "contenttypes.contenttype", "pk": 2, "fields": {"app_label": "auth", "model": "permission"}}, {"model": "contenttypes.contenttype", "pk": 3, "fields": {"app_label": "auth", "model": "group"}}, {"model": "contenttypes.contenttype", "pk": 4, "fields": {"app_label": "auth", "model": "user"}}, {"model": "contenttypes.contenttype", "pk": 5, "fields": {"app_label": "contenttypes", "model": "contenttype"}}, {"model": "contenttypes.contenttype", "pk": 6, "fields": {"app_label": "sessions", "model": "session"}}, {"model": "contenttypes.contenttype", "pk": 7, "fields": {"app_label": "api", "model": "breed"}}, {"model": "contenttypes.contenttype", "pk": 8, "fields": {"app_label": "api", "model": "dog"}}, {"model": "contenttypes.contenttype", "pk": 9, "fields": {"app_label": "api", "model": "userprofile"}}, {"model": "contenttypes.contenttype", "pk": 10, "fields": {"app_label": "api", "model": "invite"}}, {"model": "sessions.session", "pk": "2jdp8ha8xcs34oub6y61s0ne3454yjxd", "fields": {"session_data": "ZjJhYTJiNzdiMTNjNGJlZWYyMDViMjE5NzQzM2U3ZGYyYjRjODBlOTp7Il9hdXRoX3VzZXJfaWQiOiIxIiwiX2F1dGhfdXNlcl9oYXNoIjoiZjI2MmEzMzNkZjY1MjZjZTU5MjcyZDJhYTA5NDk3ZTNjNDVmZDI0OCIsIl9hdXRoX3VzZXJfYmFja2VuZCI6ImRqYW5nby5jb250cmliLmF1dGguYmFja2VuZHMuTW9kZWxCYWNrZW5kIn0=", "expire_date": "2016-03-04T03:16:33.021Z"}}, {"model": "api.breed", "pk": 1, "fields": {"date_created": "2016-02-18T22:10:16Z", "date_modified": null, "date_deleted": null, "name": "Unknown"}}, {"model": "api.breed", "pk": 2, "fields": {"date_created": "2016-02-18T22:10:16Z", "date_modified": null, "date_deleted": null, "name": "Mixed"}}, {"model": "api.breed", "pk": 3, "fields": {"date_created": "2016-02-18T22:10:16Z", "date_modified": null, "date_deleted": null, "name": "Affenpinscher"}}, {"model": "api.breed", "pk": 4, "fields": {"date_created": "2016-02-18T22:10:16Z", "date_modified": null, "date_deleted": null, "name": "Afghan Hound"}}, {"model": "api.breed", "pk": 5, "fields": {"date_created": "2016-02-18T22:10:16Z", "date_modified": null, "date_deleted": null, "name": "Airedale Terrier"}}, {"model": "api.breed", "pk": 6, "fields": {"date_created": "2016-02-18T22:10:16Z", "date_modified": null, "date_deleted": null, "name": "Akita"}}, {"model": "api.breed", "pk": 7, "fields": {"date_created": "2016-02-18T22:10:16Z", "date_modified": null, "date_deleted": null, "name": "Alaskan Malamute"}}, {"model": "api.breed", "pk": 8, "fields": {"date_created": "2016-02-18T22:10:16Z", "date_modified": null, "date_deleted": null, "name": "American Cocker Spaniel"}}, {"model": "api.breed", "pk": 9, "fields": {"date_created": "2016-02-18T22:10:16Z", "date_modified": null, "date_deleted": null, "name": "American Eskimo Dog (Miniature)"}}, {"model": "api.breed", "pk": 10, "fields": {"date_created": "2016-02-18T22:10:16Z", "date_modified": null, "date_deleted": null, "name": "American Eskimo Dog (Standard)"}}, {"model": "api.breed", "pk": 11, "fields": {"date_created": "2016-02-18T22:10:16Z", "date_modified": null, "date_deleted": null, "name": "American Eskimo Dog (Toy)"}}, {"model": "api.breed", "pk": 12, "fields": {"date_created": "2016-02-18T22:10:16Z", "date_modified": null, "date_deleted": null, "name": "American Foxhound"}}, {"model": "api.breed", "pk": 13, "fields": {"date_created": "2016-02-18T22:10:16Z", "date_modified": null, "date_deleted": null, "name": "American Staffordshire Terrier"}}, {"model": "api.breed", "pk": 14, "fields": {"date_created": "2016-02-18T22:10:16Z", "date_modified": null, "date_deleted": null, "name": "American Water Spaniel"}}, {"model": "api.breed", "pk": 15, "fields": {"date_created": "2016-02-18T22:10:16Z", "date_modified": null, "date_deleted": null, "name": "Anatolian Shepherd"}}, {"model": "api.breed", "pk": 16, "fields": {"date_created": "2016-02-18T22:10:16Z", "date_modified": null, "date_deleted": null, "name": "Australian Cattle Dog"}}, {"model": "api.breed", "pk": 17, "fields": {"date_created": "2016-02-18T22:10:16Z", "date_modified": null, "date_deleted": null, "name": "Australian Shepherd"}}, {"model": "api.breed", "pk": 18, "fields": {"date_created": "2016-02-18T22:10:16Z", "date_modified": null, "date_deleted": null, "name": "Australian Terrier"}}, {"model": "api.breed", "pk": 19, "fields": {"date_created": "2016-02-18T22:10:16Z", "date_modified": null, "date_deleted": null, "name": "Basenji"}}, {"model": "api.breed", "pk": 20, "fields": {"date_created": "2016-02-18T22:10:16Z", "date_modified": null, "date_deleted": null, "name": "Basset Hound"}}, {"model": "api.breed", "pk": 21, "fields": {"date_created": "2016-02-18T22:10:16Z", "date_modified": null, "date_deleted": null, "name": "Beagle"}}, {"model": "api.breed", "pk": 22, "fields": {"date_created": "2016-02-18T22:10:16Z", "date_modified": null, "date_deleted": null, "name": "Bearded Collie"}}, {"model": "api.breed", "pk": 23, "fields": {"date_created": "2016-02-18T22:10:16Z", "date_modified": null, "date_deleted": null, "name": "Beauceron"}}, {"model": "api.breed", "pk": 24, "fields": {"date_created": "2016-02-18T22:10:16Z", "date_modified": null, "date_deleted": null, "name": "Bedlington Terrier"}}, {"model": "api.breed", "pk": 25, "fields": {"date_created": "2016-02-18T22:10:16Z", "date_modified": null, "date_deleted": null, "name": "Belgian Malinois"}}, {"model": "api.breed", "pk": 26, "fields": {"date_created": "2016-02-18T22:10:16Z", "date_modified": null, "date_deleted": null, "name": "Belgian Sheepdog"}}, {"model": "api.breed", "pk": 27, "fields": {"date_created": "2016-02-18T22:10:16Z", "date_modified": null, "date_deleted": null, "name": "Belgian Tervuren"}}, {"model": "api.breed", "pk": 28, "fields": {"date_created": "2016-02-18T22:10:16Z", "date_modified": null, "date_deleted": null, "name": "Bernese Mountain Dog"}}, {"model": "api.breed", "pk": 29, "fields": {"date_created": "2016-02-18T22:10:16Z", "date_modified": null, "date_deleted": null, "name": "Bichon Frise"}}, {"model": "api.breed", "pk": 30, "fields": {"date_created": "2016-02-18T22:10:16Z", "date_modified": null, "date_deleted": null, "name": "Black and Tan Coonhound"}}, {"model": "api.breed", "pk": 31, "fields": {"date_created": "2016-02-18T22:10:16Z", "date_modified": null, "date_deleted": null, "name": "Black Russian Terrier"}}, {"model": "api.breed", "pk": 32, "fields": {"date_created": "2016-02-18T22:10:16Z", "date_modified": null, "date_deleted": null, "name": "Bloodhound"}}, {"model": "api.breed", "pk": 33, "fields": {"date_created": "2016-02-18T22:10:16Z", "date_modified": null, "date_deleted": null, "name": "Border Collie"}}, {"model": "api.breed", "pk": 34, "fields": {"date_created": "2016-02-18T22:10:16Z", "date_modified": null, "date_deleted": null, "name": "Border Terrier"}}, {"model": "api.breed", "pk": 35, "fields": {"date_created": "2016-02-18T22:10:16Z", "date_modified": null, "date_deleted": null, "name": "Borzoi"}}, {"model": "api.breed", "pk": 36, "fields": {"date_created": "2016-02-18T22:10:16Z", "date_modified": null, "date_deleted": null, "name": "Boston Terrier"}}, {"model": "api.breed", "pk": 37, "fields": {"date_created": "2016-02-18T22:10:16Z", "date_modified": null, "date_deleted": null, "name": "Bouvier des Flandres"}}, {"model": "api.breed", "pk": 38, "fields": {"date_created": "2016-02-18T22:10:16Z", "date_modified": null, "date_deleted": null, "name": "Boxer"}}, {"model": "api.breed", "pk": 39, "fields": {"date_created": "2016-02-18T22:10:16Z", "date_modified": null, "date_deleted": null, "name": "Briard"}}, {"model": "api.breed", "pk": 40, "fields": {"date_created": "2016-02-18T22:10:16Z", "date_modified": null, "date_deleted": null, "name": "Brittany"}}, {"model": "api.breed", "pk": 41, "fields": {"date_created": "2016-02-18T22:10:16Z", "date_modified": null, "date_deleted": null, "name": "Brussels Griffon"}}, {"model": "api.breed", "pk": 42, "fields": {"date_created": "2016-02-18T22:10:16Z", "date_modified": null, "date_deleted": null, "name": "Bull Terrier"}}, {"model": "api.breed", "pk": 43, "fields": {"date_created": "2016-02-18T22:10:16Z", "date_modified": null, "date_deleted": null, "name": "Bulldog"}}, {"model": "api.breed", "pk": 44, "fields": {"date_created": "2016-02-18T22:10:16Z", "date_modified": null, "date_deleted": null, "name": "Bullmastiff"}}, {"model": "api.breed", "pk": 45, "fields": {"date_created": "2016-02-18T22:10:16Z", "date_modified": null, "date_deleted": null, "name": "Cairn Terrier"}}, {"model": "api.breed", "pk": 46, "fields": {"date_created": "2016-02-18T22:10:16Z", "date_modified": null, "date_deleted": null, "name": "Canaan Dog"}}, {"model": "api.breed", "pk": 47, "fields": {"date_created": "2016-02-18T22:10:16Z", "date_modified": null, "date_deleted": null, "name": "Cardigan Welsh Corgi"}}, {"model": "api.breed", "pk": 48, "fields": {"date_created": "2016-02-18T22:10:16Z", "date_modified": null, "date_deleted": null, "name": "Cavalier King Charles Spaniel"}}, {"model": "api.breed", "pk": 49, "fields": {"date_created": "2016-02-18T22:10:16Z", "date_modified": null, "date_deleted": null, "name": "Chesapeake Bay Retriever"}}, {"model": "api.breed", "pk": 50, "fields": {"date_created": "2016-02-18T22:10:16Z", "date_modified": null, "date_deleted": null, "name": "Chihuahua"}}, {"model": "api.breed", "pk": 51, "fields": {"date_created": "2016-02-18T22:10:16Z", "date_modified": null, "date_deleted": null, "name": "Chinese Crested Dog"}}, {"model": "api.breed", "pk": 52, "fields": {"date_created": "2016-02-18T22:10:16Z", "date_modified": null, "date_deleted": null, "name": "Chinese Shar-Pei"}}, {"model": "api.breed", "pk": 53, "fields": {"date_created": "2016-02-18T22:10:16Z", "date_modified": null, "date_deleted": null, "name": "Chow Chow"}}, {"model": "api.breed", "pk": 54, "fields": {"date_created": "2016-02-18T22:10:16Z", "date_modified": null, "date_deleted": null, "name": "Clumber Spaniel"}}, {"model": "api.breed", "pk": 55, "fields": {"date_created": "2016-02-18T22:10:16Z", "date_modified": null, "date_deleted": null, "name": "Collie"}}, {"model": "api.breed", "pk": 56, "fields": {"date_created": "2016-02-18T22:10:16Z", "date_modified": null, "date_deleted": null, "name": "Curly-Coated Retriever"}}, {"model": "api.breed", "pk": 57, "fields": {"date_created": "2016-02-18T22:10:16Z", "date_modified": null, "date_deleted": null, "name": "Dachshund (Miniature)"}}, {"model": "api.breed", "pk": 58, "fields": {"date_created": "2016-02-18T22:10:16Z", "date_modified": null, "date_deleted": null, "name": "Dachshund (Standard)"}}, {"model": "api.breed", "pk": 59, "fields": {"date_created": "2016-02-18T22:10:16Z", "date_modified": null, "date_deleted": null, "name": "Dalmatian"}}, {"model": "api.breed", "pk": 60, "fields": {"date_created": "2016-02-18T22:10:16Z", "date_modified": null, "date_deleted": null, "name": "Dandie Dinmont Terrier"}}, {"model": "api.breed", "pk": 61, "fields": {"date_created": "2016-02-18T22:10:16Z", "date_modified": null, "date_deleted": null, "name": "Doberman Pinscher"}}, {"model": "api.breed", "pk": 62, "fields": {"date_created": "2016-02-18T22:10:16Z", "date_modified": null, "date_deleted": null, "name": "English Cocker Spaniel"}}, {"model": "api.breed", "pk": 63, "fields": {"date_created": "2016-02-18T22:10:16Z", "date_modified": null, "date_deleted": null, "name": "English Foxhound"}}, {"model": "api.breed", "pk": 64, "fields": {"date_created": "2016-02-18T22:10:16Z", "date_modified": null, "date_deleted": null, "name": "English Setter"}}, {"model": "api.breed", "pk": 65, "fields": {"date_created": "2016-02-18T22:10:16Z", "date_modified": null, "date_deleted": null, "name": "English Springer Spaniel"}}, {"model": "api.breed", "pk": 66, "fields": {"date_created": "2016-02-18T22:10:16Z", "date_modified": null, "date_deleted": null, "name": "English Toy Spaniel"}}, {"model": "api.breed", "pk": 67, "fields": {"date_created": "2016-02-18T22:10:16Z", "date_modified": null, "date_deleted": null, "name": "Field Spaniel"}}, {"model": "api.breed", "pk": 68, "fields": {"date_created": "2016-02-18T22:10:16Z", "date_modified": null, "date_deleted": null, "name": "Finnish Spitz"}}, {"model": "api.breed", "pk": 69, "fields": {"date_created": "2016-02-18T22:10:16Z", "date_modified": null, "date_deleted": null, "name": "Flat-Coated Retriever"}}, {"model": "api.breed", "pk": 70, "fields": {"date_created": "2016-02-18T22:10:16Z", "date_modified": null, "date_deleted": null, "name": "French Bulldog"}}, {"model": "api.breed", "pk": 71, "fields": {"date_created": "2016-02-18T22:10:16Z", "date_modified": null, "date_deleted": null, "name": "German Pinscher"}}, {"model": "api.breed", "pk": 72, "fields": {"date_created": "2016-02-18T22:10:16Z", "date_modified": null, "date_deleted": null, "name": "German Shepherd Dog"}}, {"model": "api.breed", "pk": 73, "fields": {"date_created": "2016-02-18T22:10:16Z", "date_modified": null, "date_deleted": null, "name": "German Shorthaired Pointer"}}, {"model": "api.breed", "pk": 74, "fields": {"date_created": "2016-02-18T22:10:16Z", "date_modified": null, "date_deleted": null, "name": "German Wirehaired Pointer"}}, {"model": "api.breed", "pk": 75, "fields": {"date_created": "2016-02-18T22:10:16Z", "date_modified": null, "date_deleted": null, "name": "Giant Schnauzer"}}, {"model": "api.breed", "pk": 76, "fields": {"date_created": "2016-02-18T22:10:16Z", "date_modified": null, "date_deleted": null, "name": "Glen of Imaal Terrier"}}, {"model": "api.breed", "pk": 77, "fields": {"date_created": "2016-02-18T22:10:16Z", "date_modified": null, "date_deleted": null, "name": "Golden Retriever"}}, {"model": "api.breed", "pk": 78, "fields": {"date_created": "2016-02-18T22:10:16Z", "date_modified": null, "date_deleted": null, "name": "Gordon Setter"}}, {"model": "api.breed", "pk": 79, "fields": {"date_created": "2016-02-18T22:10:16Z", "date_modified": null, "date_deleted": null, "name": "Great Dane"}}, {"model": "api.breed", "pk": 80, "fields": {"date_created": "2016-02-18T22:10:16Z", "date_modified": null, "date_deleted": null, "name": "Great Pyrenees"}}, {"model": "api.breed", "pk": 81, "fields": {"date_created": "2016-02-18T22:10:16Z", "date_modified": null, "date_deleted": null, "name": "Greater Swiss Mountain Dog"}}, {"model": "api.breed", "pk": 82, "fields": {"date_created": "2016-02-18T22:10:16Z", "date_modified": null, "date_deleted": null, "name": "Greyhound"}}, {"model": "api.breed", "pk": 83, "fields": {"date_created": "2016-02-18T22:10:16Z", "date_modified": null, "date_deleted": null, "name": "Harrier"}}, {"model": "api.breed", "pk": 84, "fields": {"date_created": "2016-02-18T22:10:16Z", "date_modified": null, "date_deleted": null, "name": "Havanese"}}, {"model": "api.breed", "pk": 85, "fields": {"date_created": "2016-02-18T22:10:16Z", "date_modified": null, "date_deleted": null, "name": "Ibizan Hound"}}, {"model": "api.breed", "pk": 86, "fields": {"date_created": "2016-02-18T22:10:16Z", "date_modified": null, "date_deleted": null, "name": "Irish Setter"}}, {"model": "api.breed", "pk": 87, "fields": {"date_created": "2016-02-18T22:10:16Z", "date_modified": null, "date_deleted": null, "name": "Irish Terrier"}}, {"model": "api.breed", "pk": 88, "fields": {"date_created": "2016-02-18T22:10:16Z", "date_modified": null, "date_deleted": null, "name": "Irish Water Spaniel"}}, {"model": "api.breed", "pk": 89, "fields": {"date_created": "2016-02-18T22:10:16Z", "date_modified": null, "date_deleted": null, "name": "Irish Wolfhound"}}, {"model": "api.breed", "pk": 90, "fields": {"date_created": "2016-02-18T22:10:16Z", "date_modified": null, "date_deleted": null, "name": "Italian Greyhound"}}, {"model": "api.breed", "pk": 91, "fields": {"date_created": "2016-02-18T22:10:16Z", "date_modified": null, "date_deleted": null, "name": "Japanese Chin"}}, {"model": "api.breed", "pk": 92, "fields": {"date_created": "2016-02-18T22:10:16Z", "date_modified": null, "date_deleted": null, "name": "Keeshond"}}, {"model": "api.breed", "pk": 93, "fields": {"date_created": "2016-02-18T22:10:16Z", "date_modified": null, "date_deleted": null, "name": "Kerry Blue Terrier"}}, {"model": "api.breed", "pk": 94, "fields": {"date_created": "2016-02-18T22:10:16Z", "date_modified": null, "date_deleted": null, "name": "Komondor"}}, {"model": "api.breed", "pk": 95, "fields": {"date_created": "2016-02-18T22:10:16Z", "date_modified": null, "date_deleted": null, "name": "Kuvasz"}}, {"model": "api.breed", "pk": 96, "fields": {"date_created": "2016-02-18T22:10:16Z", "date_modified": null, "date_deleted": null, "name": "Labrador Retriever"}}, {"model": "api.breed", "pk": 97, "fields": {"date_created": "2016-02-18T22:10:16Z", "date_modified": null, "date_deleted": null, "name": "Lakeland Terrier"}}, {"model": "api.breed", "pk": 98, "fields": {"date_created": "2016-02-18T22:10:16Z", "date_modified": null, "date_deleted": null, "name": "Lhasa Apso"}}, {"model": "api.breed", "pk": 99, "fields": {"date_created": "2016-02-18T22:10:16Z", "date_modified": null, "date_deleted": null, "name": "Lowchen"}}, {"model": "api.breed", "pk": 100, "fields": {"date_created": "2016-02-18T22:10:16Z", "date_modified": null, "date_deleted": null, "name": "Maltese"}}, {"model": "api.breed", "pk": 101, "fields": {"date_created": "2016-02-18T22:10:16Z", "date_modified": null, "date_deleted": null, "name": "Manchester Terrier (Standard)"}}, {"model": "api.breed", "pk": 102, "fields": {"date_created": "2016-02-18T22:10:16Z", "date_modified": null, "date_deleted": null, "name": "Manchester Terrier (Toy)"}}, {"model": "api.breed", "pk": 103, "fields": {"date_created": "2016-02-18T22:10:16Z", "date_modified": null, "date_deleted": null, "name": "Mastiff"}}, {"model": "api.breed", "pk": 104, "fields": {"date_created": "2016-02-18T22:10:16Z", "date_modified": null, "date_deleted": null, "name": "Miniature Bull Terrier"}}, {"model": "api.breed", "pk": 105, "fields": {"date_created": "2016-02-18T22:10:16Z", "date_modified": null, "date_deleted": null, "name": "Miniature Pinscher"}}, {"model": "api.breed", "pk": 106, "fields": {"date_created": "2016-02-18T22:10:16Z", "date_modified": null, "date_deleted": null, "name": "Miniature Schnauzer"}}, {"model": "api.breed", "pk": 107, "fields": {"date_created": "2016-02-18T22:10:16Z", "date_modified": null, "date_deleted": null, "name": "Neapolitan Mastiff"}}, {"model": "api.breed", "pk": 108, "fields": {"date_created": "2016-02-18T22:10:16Z", "date_modified": null, "date_deleted": null, "name": "Newfoundland"}}, {"model": "api.breed", "pk": 109, "fields": {"date_created": "2016-02-18T22:10:16Z", "date_modified": null, "date_deleted": null, "name": "Norfolk Terrier"}}, {"model": "api.breed", "pk": 110, "fields": {"date_created": "2016-02-18T22:10:16Z", "date_modified": null, "date_deleted": null, "name": "Norwegian Elkhound"}}, {"model": "api.breed", "pk": 111, "fields": {"date_created": "2016-02-18T22:10:16Z", "date_modified": null, "date_deleted": null, "name": "Norwich Terrier"}}, {"model": "api.breed", "pk": 112, "fields": {"date_created": "2016-02-18T22:10:16Z", "date_modified": null, "date_deleted": null, "name": "Nova Scotia Duck Tolling Retriever"}}, {"model": "api.breed", "pk": 113, "fields": {"date_created": "2016-02-18T22:10:16Z", "date_modified": null, "date_deleted": null, "name": "Old English Sheepdog"}}, {"model": "api.breed", "pk": 114, "fields": {"date_created": "2016-02-18T22:10:16Z", "date_modified": null, "date_deleted": null, "name": "Otterhound"}}, {"model": "api.breed", "pk": 115, "fields": {"date_created": "2016-02-18T22:10:16Z", "date_modified": null, "date_deleted": null, "name": "Papillon"}}, {"model": "api.breed", "pk": 116, "fields": {"date_created": "2016-02-18T22:10:16Z", "date_modified": null, "date_deleted": null, "name": "Parson Russell Terrier"}}, {"model": "api.breed", "pk": 117, "fields": {"date_created": "2016-02-18T22:10:16Z", "date_modified": null, "date_deleted": null, "name": "Pekingese"}}, {"model": "api.breed", "pk": 118, "fields": {"date_created": "2016-02-18T22:10:16Z", "date_modified": null, "date_deleted": null, "name": "Pembroke Welsh Corgi"}}, {"model": "api.breed", "pk": 119, "fields": {"date_created": "2016-02-18T22:10:16Z", "date_modified": null, "date_deleted": null, "name": "Petit Basset Griffon Vendeen"}}, {"model": "api.breed", "pk": 120, "fields": {"date_created": "2016-02-18T22:10:16Z", "date_modified": null, "date_deleted": null, "name": "Pharaoh Hound"}}, {"model": "api.breed", "pk": 121, "fields": {"date_created": "2016-02-18T22:10:16Z", "date_modified": null, "date_deleted": null, "name": "Plott"}}, {"model": "api.breed", "pk": 122, "fields": {"date_created": "2016-02-18T22:10:16Z", "date_modified": null, "date_deleted": null, "name": "Pointer"}}, {"model": "api.breed", "pk": 123, "fields": {"date_created": "2016-02-18T22:10:16Z", "date_modified": null, "date_deleted": null, "name": "Polish Lowland Sheepdog"}}, {"model": "api.breed", "pk": 124, "fields": {"date_created": "2016-02-18T22:10:16Z", "date_modified": null, "date_deleted": null, "name": "Pomeranian"}}, {"model": "api.breed", "pk": 125, "fields": {"date_created": "2016-02-18T22:10:16Z", "date_modified": null, "date_deleted": null, "name": "Poodle (Miniature)"}}, {"model": "api.breed", "pk": 126, "fields": {"date_created": "2016-02-18T22:10:16Z", "date_modified": null, "date_deleted": null, "name": "Poodle (Standard)"}}, {"model": "api.breed", "pk": 127, "fields": {"date_created": "2016-02-18T22:10:16Z", "date_modified": null, "date_deleted": null, "name": "Poodle (Toy)"}}, {"model": "api.breed", "pk": 128, "fields": {"date_created": "2016-02-18T22:10:16Z", "date_modified": null, "date_deleted": null, "name": "Portuguese Water Dog"}}, {"model": "api.breed", "pk": 129, "fields": {"date_created": "2016-02-18T22:10:16Z", "date_modified": null, "date_deleted": null, "name": "Pug"}}, {"model": "api.breed", "pk": 130, "fields": {"date_created": "2016-02-18T22:10:16Z", "date_modified": null, "date_deleted": null, "name": "Puli"}}, {"model": "api.breed", "pk": 131, "fields": {"date_created": "2016-02-18T22:10:16Z", "date_modified": null, "date_deleted": null, "name": "Redbone Coonhound"}}, {"model": "api.breed", "pk": 132, "fields": {"date_created": "2016-02-18T22:10:16Z", "date_modified": null, "date_deleted": null, "name": "Rhodesian Ridgeback"}}, {"model": "api.breed", "pk": 133, "fields": {"date_created": "2016-02-18T22:10:16Z", "date_modified": null, "date_deleted": null, "name": "Rottweiler"}}, {"model": "api.breed", "pk": 134, "fields": {"date_created": "2016-02-18T22:10:16Z", "date_modified": null, "date_deleted": null, "name": "Saint Bernard"}}, {"model": "api.breed", "pk": 135, "fields": {"date_created": "2016-02-18T22:10:16Z", "date_modified": null, "date_deleted": null, "name": "Saluki (or Gazelle Hound)"}}, {"model": "api.breed", "pk": 136, "fields": {"date_created": "2016-02-18T22:10:16Z", "date_modified": null, "date_deleted": null, "name": "Samoyed"}}, {"model": "api.breed", "pk": 137, "fields": {"date_created": "2016-02-18T22:10:16Z", "date_modified": null, "date_deleted": null, "name": "Schipperke"}}, {"model": "api.breed", "pk": 138, "fields": {"date_created": "2016-02-18T22:10:16Z", "date_modified": null, "date_deleted": null, "name": "Scottish Deerhound"}}, {"model": "api.breed", "pk": 139, "fields": {"date_created": "2016-02-18T22:10:16Z", "date_modified": null, "date_deleted": null, "name": "Scottish Terrier"}}, {"model": "api.breed", "pk": 140, "fields": {"date_created": "2016-02-18T22:10:16Z", "date_modified": null, "date_deleted": null, "name": "Sealyham Terrier"}}, {"model": "api.breed", "pk": 141, "fields": {"date_created": "2016-02-18T22:10:16Z", "date_modified": null, "date_deleted": null, "name": "Shetland Sheepdog"}}, {"model": "api.breed", "pk": 142, "fields": {"date_created": "2016-02-18T22:10:16Z", "date_modified": null, "date_deleted": null, "name": "Shiba Inu"}}, {"model": "api.breed", "pk": 143, "fields": {"date_created": "2016-02-18T22:10:16Z", "date_modified": null, "date_deleted": null, "name": "Shih Tzu"}}, {"model": "api.breed", "pk": 144, "fields": {"date_created": "2016-02-18T22:10:16Z", "date_modified": null, "date_deleted": null, "name": "Siberian Husky"}}, {"model": "api.breed", "pk": 145, "fields": {"date_created": "2016-02-18T22:10:16Z", "date_modified": null, "date_deleted": null, "name": "Silky Terrier"}}, {"model": "api.breed", "pk": 146, "fields": {"date_created": "2016-02-18T22:10:16Z", "date_modified": null, "date_deleted": null, "name": "Skye Terrier"}}, {"model": "api.breed", "pk": 147, "fields": {"date_created": "2016-02-18T22:10:16Z", "date_modified": null, "date_deleted": null, "name": "Smooth Fox Terrier"}}, {"model": "api.breed", "pk": 148, "fields": {"date_created": "2016-02-18T22:10:16Z", "date_modified": null, "date_deleted": null, "name": "Soft Coated Wheaten Terrier"}}, {"model": "api.breed", "pk": 149, "fields": {"date_created": "2016-02-18T22:10:16Z", "date_modified": null, "date_deleted": null, "name": "Spinone Italiano"}}, {"model": "api.breed", "pk": 150, "fields": {"date_created": "2016-02-18T22:10:16Z", "date_modified": null, "date_deleted": null, "name": "Staffordshire Bull Terrier"}}, {"model": "api.breed", "pk": 151, "fields": {"date_created": "2016-02-18T22:10:16Z", "date_modified": null, "date_deleted": null, "name": "Standard Schnauzer"}}, {"model": "api.breed", "pk": 152, "fields": {"date_created": "2016-02-18T22:10:16Z", "date_modified": null, "date_deleted": null, "name": "Sussex Spaniel"}}, {"model": "api.breed", "pk": 153, "fields": {"date_created": "2016-02-18T22:10:16Z", "date_modified": null, "date_deleted": null, "name": "Tibetan Mastiff"}}, {"model": "api.breed", "pk": 154, "fields": {"date_created": "2016-02-18T22:10:16Z", "date_modified": null, "date_deleted": null, "name": "Tibetan Spaniel"}}, {"model": "api.breed", "pk": 155, "fields": {"date_created": "2016-02-18T22:10:16Z", "date_modified": null, "date_deleted": null, "name": "Tibetan Terrier"}}, {"model": "api.breed", "pk": 156, "fields": {"date_created": "2016-02-18T22:10:16Z", "date_modified": null, "date_deleted": null, "name": "Toy Fox Terrier"}}, {"model": "api.breed", "pk": 157, "fields": {"date_created": "2016-02-18T22:10:16Z", "date_modified": null, "date_deleted": null, "name": "Vizsla"}}, {"model": "api.breed", "pk": 158, "fields": {"date_created": "2016-02-18T22:10:16Z", "date_modified": null, "date_deleted": null, "name": "Weimaraner"}}, {"model": "api.breed", "pk": 159, "fields": {"date_created": "2016-02-18T22:10:16Z", "date_modified": null, "date_deleted": null, "name": "Welsh Springer Spaniel"}}, {"model": "api.breed", "pk": 160, "fields": {"date_created": "2016-02-18T22:10:16Z", "date_modified": null, "date_deleted": null, "name": "Welsh Terrier"}}, {"model": "api.breed", "pk": 161, "fields": {"date_created": "2016-02-18T22:10:16Z", "date_modified": null, "date_deleted": null, "name": "West Highland White Terrier"}}, {"model": "api.breed", "pk": 162, "fields": {"date_created": "2016-02-18T22:10:16Z", "date_modified": null, "date_deleted": null, "name": "Whippet"}}, {"model": "api.breed", "pk": 163, "fields": {"date_created": "2016-02-18T22:10:16Z", "date_modified": null, "date_deleted": null, "name": "Wire Fox Terrier"}}, {"model": "api.breed", "pk": 164, "fields": {"date_created": "2016-02-18T22:10:16Z", "date_modified": null, "date_deleted": null, "name": "Wirehaired Pointing Griffon"}}, {"model": "api.breed", "pk": 165, "fields": {"date_created": "2016-02-18T22:10:16Z", "date_modified": null, "date_deleted": null, "name": "Yorkshire Terrier"}}, {"model": "auth.permission", "pk": 1, "fields": {"name": "Can add log entry", "content_type": 1, "codename": "add_logentry"}}, {"model": "auth.permission", "pk": 2, "fields": {"name": "Can change log entry", "content_type": 1, "codename": "change_logentry"}}, {"model": "auth.permission", "pk": 3, "fields": {"name": "Can delete log entry", "content_type": 1, "codename": "delete_logentry"}}, {"model": "auth.permission", "pk": 4, "fields": {"name": "Can add permission", "content_type": 2, "codename": "add_permission"}}, {"model": "auth.permission", "pk": 5, "fields": {"name": "Can change permission", "content_type": 2, "codename": "change_permission"}}, {"model": "auth.permission", "pk": 6, "fields": {"name": "Can delete permission", "content_type": 2, "codename": "delete_permission"}}, {"model": "auth.permission", "pk": 7, "fields": {"name": "Can add group", "content_type": 3, "codename": "add_group"}}, {"model": "auth.permission", "pk": 8, "fields": {"name": "Can change group", "content_type": 3, "codename": "change_group"}}, {"model": "auth.permission", "pk": 9, "fields": {"name": "Can delete group", "content_type": 3, "codename": "delete_group"}}, {"model": "auth.permission", "pk": 10, "fields": {"name": "Can add user", "content_type": 4, "codename": "add_user"}}, {"model": "auth.permission", "pk": 11, "fields": {"name": "Can change user", "content_type": 4, "codename": "change_user"}}, {"model": "auth.permission", "pk": 12, "fields": {"name": "Can delete user", "content_type": 4, "codename": "delete_user"}}, {"model": "auth.permission", "pk": 13, "fields": {"name": "Can add content type", "content_type": 5, "codename": "add_contenttype"}}, {"model": "auth.permission", "pk": 14, "fields": {"name": "Can change content type", "content_type": 5, "codename": "change_contenttype"}}, {"model": "auth.permission", "pk": 15, "fields": {"name": "Can delete content type", "content_type": 5, "codename": "delete_contenttype"}}, {"model": "auth.permission", "pk": 16, "fields": {"name": "Can add session", "content_type": 6, "codename": "add_session"}}, {"model": "auth.permission", "pk": 17, "fields": {"name": "Can change session", "content_type": 6, "codename": "change_session"}}, {"model": "auth.permission", "pk": 18, "fields": {"name": "Can delete session", "content_type": 6, "codename": "delete_session"}}, {"model": "auth.permission", "pk": 19, "fields": {"name": "Can add breed", "content_type": 7, "codename": "add_breed"}}, {"model": "auth.permission", "pk": 20, "fields": {"name": "Can change breed", "content_type": 7, "codename": "change_breed"}}, {"model": "auth.permission", "pk": 21, "fields": {"name": "Can delete breed", "content_type": 7, "codename": "delete_breed"}}, {"model": "auth.permission", "pk": 22, "fields": {"name": "Can add dog", "content_type": 8, "codename": "add_dog"}}, {"model": "auth.permission", "pk": 23, "fields": {"name": "Can change dog", "content_type": 8, "codename": "change_dog"}}, {"model": "auth.permission", "pk": 24, "fields": {"name": "Can delete dog", "content_type": 8, "codename": "delete_dog"}}, {"model": "auth.permission", "pk": 25, "fields": {"name": "Can add user profile", "content_type": 9, "codename": "add_userprofile"}}, {"model": "auth.permission", "pk": 26, "fields": {"name": "Can change user profile", "content_type": 9, "codename": "change_userprofile"}}, {"model": "auth.permission", "pk": 27, "fields": {"name": "Can delete user profile", "content_type": 9, "codename": "delete_userprofile"}}, {"model": "auth.permission", "pk": 28, "fields": {"name": "Can add invite", "content_type": 10, "codename": "add_invite"}}, {"model": "auth.permission", "pk": 29, "fields": {"name": "Can change invite", "content_type": 10, "codename": "change_invite"}}, {"model": "auth.permission", "pk": 30, "fields": {"name": "Can delete invite", "content_type": 10, "codename": "delete_invite"}}, {"model": "auth.user", "pk": 1, "fields": {"password": "pbkdf2_sha256$24000$Do2iJak1j8Xq$5PeTD8ft8DkeUMTHEWY/C9Q/p3W6Nbh/zd+/q0AGvAI=", "last_login": "2016-02-19T03:16:33.019Z", "is_superuser": false, "username": "jon", "first_name": "Jonathan", "last_name": "Adamski", "email": "me@jonathanadamski.com", "is_staff": false, "is_active": true, "date_joined": "2016-02-17T03:25:22.491Z", "groups": [], "user_permissions": []}}, {"model": "auth.user", "pk": 2, "fields": {"password": "pbkdf2_sha256$24000$i0j3OQcC2ZKO$mCgeXy5Zhf0f9dJ16lMoGocKp0qtXqkiGHqkmcvV9XE=", "last_login": "2016-02-17T04:24:36.948Z", "is_superuser": true, "username": "aslan", "first_name": "", "last_name": "", "email": "aslan@jonathanadamski.com", "is_staff": true, "is_active": true, "date_joined": "2016-02-17T04:24:17.901Z", "groups": [], "user_permissions": []}}, {"model": "auth.user", "pk": 3, "fields": {"password": "pbkdf2_sha256$24000$5HQa1OCudhWj$HdFwM5iG4FItYcA2FMslwFdHHI+Lzbg8+ImQ/KvpML0=", "last_login": "2016-02-19T03:15:47.661Z", "is_superuser": false, "username": "megan", "first_name": "Megan", "last_name": "Lilley", "email": "megan@jonathanadamski.com", "is_staff": false, "is_active": true, "date_joined": "2016-02-18T18:34:11.648Z", "groups": [], "user_permissions": []}}, {"model": "api.dog", "pk": 1, "fields": {"date_created": "2016-02-19T03:14:16.852Z", "date_modified": "2016-02-19T03:16:45.015Z", "date_deleted": null, "name": "Aslan", "dob": "1990-01-01", "breed": 2, "weight": 100, "color": "Black", "gender": "M", "owner": 3, "humans": [1, 3]}}, {"model": "api.dog", "pk": 2, "fields": {"date_created": "2016-02-19T03:14:34.995Z", "date_modified": "2016-02-19T03:14:35.000Z", "date_deleted": null, "name": "Franklin", "dob": "1990-01-01", "breed": 29, "weight": 17, "color": "White", "gender": "M", "owner": 3, "humans": [3]}}, {"model": "api.dog", "pk": 3, "fields": {"date_created": "2016-02-19T03:15:24.376Z", "date_modified": "2016-02-19T03:16:20.096Z", "date_deleted": null, "name": "Zelda", "dob": "1990-01-01", "breed": 106, "weight": 20, "color": "Salt and Pepper", "gender": "F", "owner": 1, "humans": [1, 3]}}, {"model": "api.userprofile", "pk": 1, "fields": {"date_created": "2016-02-17T03:25:22.581Z", "date_modified": "2016-02-19T03:16:45.016Z", "date_deleted": null, "address": "20069 orchard ln", "address2": "", "city": "Howard City", "state": "MI", "zip_code": "49329", "home_phone": "7349683174", "cell_phone": "7349683174", "gender": "M", "dob": "1990-01-01", "dogs": [1, 3]}}, {"model": "api.userprofile", "pk": 3, "fields": {"date_created": "2016-02-18T18:34:11.746Z", "date_modified": "2016-02-19T03:16:20.097Z", "date_deleted": null, "address": "20069 orchard ln", "address2": "", "city": "Howard City", "state": "MI", "zip_code": "49329", "home_phone": "7349683174", "cell_phone": "7349683174", "gender": "F", "dob": "1990-04-21", "dogs": [1, 2, 3]}}]